arg-id,argument
A321_0,AIは民主主義の原則に沿うべきだという要望がある
A321_1,AIは西洋の民主主義だけでなく、世界中の民主主義に沿うべきだという意見がある
A341_0,AIと環境に関する公衆の認識を向上させる必要があるという要望がある
A341_1,AIと環境に関する教育を充実させる必要があるという要望がある
A341_2,AIと環境に関する公衆の参加を促進する必要があるという要望がある
A340_0,AIシステムの利益とリスクが一部のグループに集中せず、公平に分配されるべきだという要望がある
A339_0,AIが重要な環境決定を人間の監視なしに自動化または制御すべきではないという意見がある
A338_0,変革的なAIアプリケーションの開発と展開には、速度ではなく慎重さと配慮が必要だという意見がある
A337_0,AIシステムは効率や利益だけでなく、正義、エンパワーメント、環境保護を促進すべきだという要望がある
A336_0,AIガバナンスの枠組みに環境代表者を含めるべきだという要望がある
A336_1,AIガバナンスが生態系への影響を考慮するべきだという意見がある
A335_0,AIを活用して人類の環境負荷を監視、モデル化し、最終的に削減することを望む要望がある
A334_0,AI研究者と開発者は、自分たちの仕事が環境に与える影響を考慮する倫理的責任があるという意見がある
A333_0,AIシステムの環境負荷を理解するために包括的なライフサイクル評価を実施してほしいという要望がある
A332_0,AIシステムは持続可能性を考慮して設計・展開されるべきだという要望がある
A332_1,AIシステムの環境への影響、例えばエネルギー使用、材料、廃棄物を考慮する必要があるという意見がある
A331_0,AI開発はイノベーションを促進するべきだという要望がある
A331_1,AIの利益が地理的または経済的な障壁に関係なくすべての人にアクセス可能であるべきだという要望がある
A330_0,AI技術に対する包括的なリスク評価が必要だという要望がある
A330_1,AI技術の環境への影響だけでなく、社会的および倫理的な影響も評価してほしいという要望がある
A329_0,AIシステムによる無許可のデータ収集と使用から個人を保護するために厳格なデータプライバシー規制が必要だという要望がある
A328_0,AIは利益追求だけでなく、社会的課題の解決に重点を置いて開発・展開されるべきだという要望がある
A327_0,AI技術が環境への影響を軽減するために、できるだけエネルギー効率を高めるべきだという要望がある
A326_0,グローバルな基準は理想的だが、文化や社会的な規範を尊重するローカライズされたAI規制が必要だという意見がある
A325_0,AI開発は人間の幸福と環境の持続可能性を優先する普遍的な倫理的枠組みに従うべきだという要望がある
A323_0,AIの能力、限界、倫理的考慮について一般市民に教育するための取り組みが必要だという要望がある
A322_0,AI開発に関わるすべての組織が使用する方法論とデータセットを公開してほしいという要望がある
A322_1,倫理的で偏りのないAIシステムを確保するために、透明性を求める意見がある
A295_0,政府はAIの善用を促進するためにデータへのアクセスを拡大しつつ、プライバシーを保護する必要があるという要望がある
A320_0,AIガバナンスにおけるグローバルな協力が環境変化の管理に重要であるという意見がある
A319_0,AIの導入は自然と人間の尊厳を尊重する必要があるという要望がある
A318_0,AIが最適化を促進する一方で消費を増加させる可能性があることへの不安がある
A318_1,持続可能な価値観がAIの設計を導くべきだという要望がある
A317_0,AIの環境リスクを監視し、軽減する必要があるという意見がある
A317_1,AIのエネルギー使用量に対する不安がある
A317_2,AIによる電子廃棄物に対する不安がある
A316_0,ロボット技術と自動化が鉱業の影響を軽減できるが、エネルギー需要が増加する可能性があることへの不安がある
A316_1,エネルギー需要の増加に対する計画が必要だという要望がある
A307_0,AIによる衛星画像解析が生物多様性の減少を追跡することで保全活動を支援している
A297_0,AIシステムへの攻撃による社会的な害を防ぐために、より強力なデジタルセキュリティが必要だという要望がある
A294_0,AIの利点とリスクは文脈によって異なるため、一律のガバナンスでは不十分であるという意見がある
A293_0,AIが企業によって人々の最善の利益に反する形で操作や誘導に使われるべきではないという意見がある
A292_0,AIの規制枠組みは機敏で反復的かつ証拠に基づくものであるべきだという要望がある
A291_0,AIシステムによる被害が発生した場合の救済措置を導入してほしいという要望がある
A289_0,AIは人間の知能と創造性を補完するように設計されるべきであり、置き換えるべきではないという要望がある
A288_0,AIシステムが社会と相互作用する際の意図しない結果を継続的に再評価する必要があるという要望がある
A287_0,AIに関する国際的な基準が必要だという要望がある
A286_0,政府がデジタルインフラとAIスキルの訓練に投資するべきだという要望がある
A286_1,不平等を防ぐためにデジタルインフラとAIスキルの訓練が必要だという意見がある
A284_0,AIシステムによるプライバシーリスクを評価し、適切に軽減する必要があるという要望がある
A283_0,自律型兵器システムの致死的な決定をAIに委ねず、人間が制御すべきだという要望がある
A282_0,AIは人権法と価値観に基づいて開発・適用されるべきだという要望がある
A281_0,アルゴリズムの公平性、説明責任、透明性を確保する必要があるという要望がある
A281_1,AIシステムに対する公共の信頼を築くためにアルゴリズムの透明性を求める意見がある
A280_0,企業、国、政府が消費者やエンドユーザーに対してもっと教育と情報提供を行うべきだという要望がある
A279_0,企業や国がAI競争に集中しているが、社会的影響を十分に考慮していないことへの不満がある
A279_1,政府がAI技術に対する保護を十分に行っていないことへの不満がある
A278_0,AIがバイアスの原因とされることへの不満がある
A278_1,AIのトレーニングデータが既存のバイアスを示していることへの指摘がある
A278_2,根本的な問題を解決すべきだという要望がある
A277_0,新規参入者、製品、サービスによるAIインシデントの再発を軽減することに焦点を当てるべきだという要望がある
A277_1,顔認識技術における人種的偏見の問題があることへの不満がある
A276_0,AI技術は技術的な背景に関係なく、誰でもアクセスできるようにしてほしいという要望がある
A204_0,AIを使って人々が日々の選択が環境に与える影響を理解する手助けをしてほしいという要望がある
A206_0,AIツールが廃棄物をより正確に分類することでリサイクルを改善してほしいという要望がある
A242_0,AIの進展が持続可能な開発目標（SDGs）と調和するように、国際社会が協力するべきだという要望がある
A244_0,AIがすべての生命体を人間のためだけでなく、それ自体の価値として尊重するようにしてほしいという要望がある
A275_0,GenerativeAIツールが過激なコンテンツや誤情報に利用されるのを防ぐために、安全設計のアプローチを採用する必要があるという要望がある
A273_0,技術企業が公共の自然資源を所有し管理することを許可すべきだという意見がある
A273_1,AIを活用して政府よりも効率的に自然資源を管理できるという意見がある
A272_0,AI技術への投資を最も裕福な層に優先するべきだという意見がある
A271_0,地方自治体の構造をAIシステムに置き換え、技術企業によって管理されるべきだという意見がある
A270_0,個人のデータ収集と販売を無制限に許可すべきだという意見がある
A269_0,AIを使って人間の能力を向上させ、気候変動に対処するためのより良い手段を持つ個人を育成するべきだという意見がある
A268_0,政府がAIを使った厳格な監視を実施し、規制を強化するべきだという意見がある
A268_1,個人のプライバシーを犠牲にしてでも規制を強化するべきだという意見がある
A267_0,AIを使って遺伝子組み換え生物（GMOs）を作り、食糧不足に対処するべきだという意見がある
A267_1,自然の生態系を変えることになっても、食糧不足を解決するためにGMOsを使用するべきだという意見がある
A265_0,AIによる都市全体の管理と制御を許可し、環境の持続可能性を最適化するべきだという意見がある
A265_1,AIによる都市管理が人間の制御と主体性を減少させる可能性があることへの不安がある
A264_0,人間の人口をAIシステムで管理し、持続可能な資源利用と環境保護を確保するべきだという意見がある
A263_0,AI技術の開発において、ライフサイクル全体で環境への影響を減らすことに焦点を当てるべきだという要望がある
A262_0,AIを環境保護と保存の努力を支援するために責任を持って使用すべきだという要望がある
A260_0,AIが環境を害さないルールで運用されるべきだという要望がある
A260_1,AIがすべての存在と生態系の権利を尊重するべきだという要望がある
A259_0,自然を利益の源としてのみ見る慣行に対してAIを活用して疑問を投げかけるべきだという要望がある
A259_1,自然の価値を無視する慣行に対する懸念がある
A258_0,AIが生態系の健康を優先するルールを作成することを望む要望がある
A257_0,AIが物の再利用や修復を助けるべきだという要望がある
A256_0,AIがネイティブ文化の知恵と慣習を保存するのを助けるべきだという要望がある
A256_1,ネイティブ文化の自然への敬意を尊重するべきだという意見がある
A255_0,AIは人間の利益だけでなく、すべての生物を尊重すべきだという要望がある
A254_0,AIが生態系のバランスとすべての種の福祉を重視するよう促してほしいという要望がある
A253_0,AIツールが環境やその生物を単なる資源ではなく、私たちが一部であるコミュニティとして捉えるよう促してほしいという要望がある
A252_0,AIが自然のさまざまな要素間の関係を理解し尊重する手助けをしてほしいという要望がある
A251_0,AI開発は自然が人間の利用なしに独自の価値を持つという信念に基づくべきだという意見がある
A250_0,AIが人間に対してだけでなく、さまざまな植物や動物の価値について学ぶ手助けをしてほしいという要望がある
A249_0,AIを使ってすべての技術が良いものであるという考えを疑問視するべきだという意見がある
A249_1,技術が自然や動物にどのように害を与えるかを考慮するべきだという要望がある
A248_0,AIが人間社会だけでなく地球全体の健康をケアするように導いてほしいという要望がある
A247_0,AIが野生動物や植物と調和して共存するために役立つべきだという要望がある
A247_1,AIが野生動物や植物を人間の利益のためだけに利用するのではなく、共存を目指すべきだという意見がある
A246_0,AIが自然のすべてのもののつながりを見て価値を認識するよう促してほしいという要望がある
A245_0,AIは人間だけでなく、すべての生物に対する尊重を持って開発されるべきだという要望がある
A240_0,個人のカーボンフットプリントを削減するためのAIツールの開発を促進してほしいという要望がある
A239_0,AI技術を活用して水管理システムの効率を向上させ、廃棄物を減らし、保全を促進してほしいという要望がある
A237_0,AIと環境の持続可能性の共生的な発展を促進するために、学際的な協力を奨励する必要があるという要望がある
A236_0,AI技術の革新が中小企業にもアクセス可能であるべきだという要望がある
A236_1,環境に優しい持続可能な実践を促進するためにAI技術が必要だという意見がある
A235_0,AIを公共交通システムの改善に活用してほしいという要望がある
A235_1,AIによって交通渋滞を減少させたいという要望がある
A235_2,AIを使って温室効果ガスの排出を削減したいという要望がある
A234_0,AIアルゴリズムの透明性を高めることが重要だという要望がある
A234_1,AIが環境悪化に寄与していないことを確認する必要があるという不安がある
A233_0,AIはエネルギー効率を考慮して設計されるべきだという要望がある
A233_1,AIの炭素排出量を削減し、より健康的な環境を促進する必要があるという意見がある
A231_0,AI技術が生物多様性の保全に役立つように開発を促進することが重要だという要望がある
A230_0,AIの導入に際して環境影響評価を行い、潜在的な環境への悪影響を理解し、軽減する必要があるという要望がある
A229_0,AIを使って自然災害の予測モデルを作成し、より正確な予測を行うことで、準備と対応を改善してほしいという要望がある
A228_0,AIが自然資源を無責任に利用することを防ぐための厳格な規制を実施する必要があるという要望がある
A227_0,AI技術が農業において持続可能な農業実践を優先するべきだという要望がある
A227_1,AI技術が気候変動の緩和に役立つことを期待する意見がある
A226_0,政府がAIを活用して再生可能エネルギーの開発を促進することを奨励してほしいという要望がある
A226_1,政府がAIを活用してエネルギー効率を向上させることを奨励してほしいという要望がある
A225_0,AI技術が持続可能で環境に優しいものであることを確保するために、AI開発者が環境科学者と協力する必要があるという要望がある
A224_0,AIを活用して都市インフラのエネルギー消費を最適化し、炭素排出量を削減してほしいという要望がある
A223_0,AIがコミュニティ精神を育むことを支援してほしいという要望がある
A223_1,AIが人々に協力してより清潔で緑豊かな未来を目指すことを促してほしいという要望がある
A221_0,AIが富裕層をさらに豊かにし、貧困層を忘れないようにすることが重要だという意見がある
A221_1,環境問題の解決においてAIが貧困層を忘れないようにすることが重要だという意見がある
A220_0,AIが河川や海洋の汚染を減少させるための創造的な解決策を考案するのに役立つことを望む要望がある
A219_0,AIを活用して手頃な価格で環境に優しい住宅ソリューションを優先的に開発してほしいという要望がある
A218_0,AIは先住民の権利と文化を尊重する形で作成・使用されるべきだという要望がある
A216_0,AIが海洋での過剰漁業のような有害な行為を助長しないようにすることが重要だという意見がある
A214_0,AIシステムをクリーンで再生可能なエネルギーで運用してほしいという要望がある
A213_0,AIをコミュニティガーデンや地域の持続可能な農業の支援に活用してほしいという要望がある
A212_0,AIが子供たちに楽しくインタラクティブな方法で環境について学ばせることを望む要望がある
A210_0,AIを使用して絶滅危惧種を密猟などの脅威から保護することが重要だという意見がある
A209_0,AI技術が動物の生息地に害を与えないようにする必要があるという要望がある
A208_0,AIがクリーンな空気と騒音の少ない都市の創造を支援するべきだという要望がある
A207_0,AIが電子廃棄物の増加につながらないように注意すべきだという不安がある
A205_0,AIを使って農家が地球に優しい方法で食料を栽培できるようにしてほしいという要望がある
A203_0,AIの財政的利益を一般の人々と共有するべきだという要望がある
A203_1,AIの利益を共有するために主権基金を設立するべきだという意見がある
A202_0,AIが自然環境に与える影響が十分に考慮されていないことへの不満がある
A201_0,機能する民主主義の中で生活したいという要望がある
A201_1,大きな変化に対して全員が意見を持つことができる社会を望む要望がある
A201_2,AIが企業ではなく私たちのために働くことを望む要望がある
A199_0,ガードレールではなく、セーフガードとルールを設けるべきだという要望がある
A198_0,AIの悪い結果に対する責任は政府とAI企業にあるという意見がある
A197_0,AIリーダーには複数の倫理的視点を理解することが必須であるべきだという要望がある
A196_0,リスクが強い場合には強力なガバナンスと規制が必要だという意見がある
A196_1,リスクが低い場合にはガバナンスと規制も緩やかであるべきだという意見がある
A195_0,AI企業を支援したいが、普通の人々に具体的な利益をもたらす場合に限るという要望がある
A194_0,AIシステムでデータを使用する際には許可を求めるべきだという要望がある
A193_0,AIシステムでのデータ使用に対して補償を求める要望がある
A192_0,AIに関する決定を行う政府や企業がその責任を取るべきだという要望がある
A191_0,「これは避けられない」というような発言に対して挑戦するべきだという意見がある
A190_0,AIの意思決定において人間を関与させる原則が必要だという要望がある
A189_0,AIが社会の価値観や規範の進化を妨げる可能性があることへの不安がある
A188_0,AI開発において植物や動物の視点を考慮すべきだという意見がある
A187_0,AIを活用した熟議民主主義を用いて、世界人権宣言を更新すべきだという要望がある
A186_0,民主主義への害を最小化・防止する方法について議論する必要があるという要望がある
A186_1,民主主義への利益を最大化する方法について議論する必要があるという要望がある
A185_0,AIを理解する倫理哲学者（例：Carissa Veliz）が議論の重要な部分を担っているという意見がある
A184_0,Phononsを将来のAIに組み込むべきだという要望がある
A184_1,Phononsの重要性が広く知られるべきだという意見がある
A183_0,世界政府が存在しないため、グローバルなAI規制に合意することは難しいという不安がある
A183_1,競争が優先されるため、AI規制に関する合意が難しいという意見がある
A182_0,AIが私たちを置き換えるかどうかを考えるのは遅すぎるという不満がある
A182_1,進化するか絶滅するかの選択肢しかないという不安がある
A180_0,G7による事実上の世界政府の設立を求める要望がある
A180_1,NATO、EU、欧州政治共同体、OECDのメンバーを含む世界政府の設立を求める要望がある
A181_0,文明の移行期における課題を軽減するために、グローバル福祉国家を作るべきだという要望がある
A179_0,G7の下でGAIGAというグローバルAIガバナンス機関を設立するべきだという要望がある
A179_1,GAIGAがGAIRAとGAICAコンソーシアムを監督するべきだという意見がある
A178_0,AI制御能力を効率化するために、One-AI JV会社が管理するスーパーインテリジェンスプログラムを作成する必要があるという要望がある
A177_0,最先端のAI開発を一つの企業に統合するために、One-AI Joint Venture Companyを設立するべきだという要望がある
A176_0,AI開発プロセスを管理するためにグローバルAIコントロール機関（GAICA）を設立する必要があるという要望がある
A176_1,AI規制だけでなく開発プロセスも管理する必要があるという意見がある
A176_2,中国など他の国々をGAICAに招待するべきだという要望がある
A175_0,AIの使用を規制するために、Global AI Partnership (GPAI)を変革してGlobal AI Regulation Authority (GAIRA)を設立するべきだという要望がある
A174_0,民主主義の包括的で迅速な改革を行うべきだという要望がある
A173_0,世界のガバナンスを文明の転換に向けて調整する必要があるという要望がある
A152_0,AI安全サミットの恒久的な支援を求める要望がある
A152_1,AI安全サミットを毎月のグローバルな仮想会議として開催することを望む要望がある
A152_2,AI安全サミットを議論プラットフォーム（例：Telepresent）でサポートすることを望む要望がある
A172_0,AIが政治に与える影響について議論する必要がある
A172_1,AIが政府の運営に与える影響について議論する必要がある
A172_2,AIが法律に与える影響について議論する必要がある
A171_0,AIとその派生技術が政治や法律にどのような影響を与えるかについての不安がある
A171_1,現在の政治・法律システムがAI技術に対応するには不十分であるという不満がある
A170_0,AIの決定がどのように行われるかについての理解が不足していることへの不安がある
A170_1,AIの決定プロセスに関する包括的な説明を求める要望がある
A168_0,政府はこの巨大な技術革命に対抗することはできないという意見がある
A168_1,政府は現行のシステムを新しい技術秩序に適応させるべきだという要望がある
A167_0,AIコンパニオンを孤独や孤立対策として人間の接触の代替にすべきではないという意見がある
A166_0,AIツールの説明可能性に関する最低基準を規制当局が確立する必要があるという要望がある
A166_1,説明可能性の基準を満たさない新しいAIツールのリリースを禁止するべきだという意見がある
A120_0,質の高い規制が必要だという要望がある
A120_1,規制が濫用や危険な発展を防ぐことを望む意見がある
A120_2,規制が迅速であることを望む要望がある
A120_3,規制が新しいアイデアやイノベーションを妨げないことを望む要望がある
A165_0,AIの拡大に伴い、社会における知識の定義が再構築されることへの不安がある
A165_1,AIの拡大に関して、より慎重な考察が必要だという要望がある
A164_0,AIの安全性について、ユーザーと設計者が責任を共有すべきだという意見がある
A137_0,AIの覇権を巡る競争が許されるべきではないという意見がある
A137_1,AIの覇権競争がすでに加速して進行していることへの不安がある
A151_0,AIガバナンスが国家間の対立を引き起こさないようにすることが重要だという意見がある
A151_1,AIは政治の上にあるべきだという要望がある
A153_0,AIが本当に未来の技術なのか、それとも過剰に評価されているのかという不安がある
A159_0,AIフォーラムはまず防衛と戦争への応用に焦点を当てるべきだという意見がある
A160_0,AI開発者やユーザーによる消費者や市民の心理的搾取のリスクにもっと注意を払うべきだという要望がある
A163_0,AGIが生活をより簡単にするべきだという要望がある
A163_1,AIを人間が制御するための人間参加型のシステムを目指すべきだという意見がある
A162_0,AIをグローバル規模のオープンナレッジイニシアティブに組み込むべきだという提案がある
A161_0,AIの訓練に公的に利用可能なデータを使用することが不公平であるという不満がある
A161_1,AIの訓練に関する著作権改革が必要だという要望がある
A158_0,AIの規制は大量データ収集の規制が改善されることに依存しているという意見がある
A157_0,技術の進化が人類や社会の対応能力を超えていることへの不安がある
A156_0,強力な技術を管理する信頼できる組織がどこなのかという不安がある
A156_1,ZuckやMuskなどの個人の利益に対する不安がある
A154_0,地域の市民社会組織が長期的で予測可能な資金を必要としているという要望がある
A154_1,地域の市民社会組織が能力向上と相談のための資金を必要としているという要望がある
A154_2,地域の市民社会組織がグローバルマジョリティの意見を意味のある形で代表するための支援を必要としているという要望がある
A150_0,文明の移行期における課題を軽減するために、グローバルな福祉国家を創設してほしいという要望がある
A149_0,G7が主導する事実上の世界政府を創設するという要望がある
A149_1,NATO、EU、欧州政治共同体、OECDのメンバーを含めるという要望がある
A147_0,Superintelligence Programmeを管理するOne-AI JV会社を設立してAI制御能力を効率化するという要望がある
A146_0,最先端のAI開発を一つの企業に統合するために、One-AI共同事業会社を設立するという要望がある
A145_0,AI開発プロセスを管理するためのグローバルAIコントロール機関（GAICA）を設立してほしいという要望がある
A145_2,中国など他国を招待してグローバルな協力体制を築いてほしいという要望がある
A144_0,AIの使用を規制するために、Global AI Partnership (GPAI)を変革してGlobal AI Regulation Authority (GAIRA)を設立するという要望がある
