level,id,label,description,value,parent,density,density_rank,density_rank_percentile
1,1_3,AI技術の倫理とグローバルガバナンスに関する視点,このクラスタは、AI技術の開発と運用における倫理的管理と規制、そしてグローバルなガバナンスの強化に関する多様な意見を集約しています。具体的には、AIシステムの透明性と責任の確立、データ使用に対する補償、民主主義の改革、国際的な協力の強化などが含まれています。市民は、AI技術の発展と社会的影響のバランスを取るためのグローバルな基準とローカライズされた規制の必要性を強調し、より効果的な管理体制の確立を求めています。,74,0,0.9060479011198681,2.0,0.6666666666666666
1,1_1,AI技術の持続可能性と社会的責任,このクラスタは、AI技術の開発と利用において、環境保護、持続可能なエネルギー運用、そして倫理的な設計と社会的影響への配慮を重視する意見を集約しています。市民は、AIが炭素排出量削減や自然災害の予測モデルの作成に貢献し、持続可能で公平な未来を築くための具体的な行動を促すことを望んでいます。また、AI技術が中小企業にもアクセス可能であり、技術革新が広く社会に普及することを期待しています。さらに、AI技術が生物多様性の保全に貢献し、自然環境や生物の視点を考慮する必要性を訴える意見も含まれています。これらの意見は、技術革新と環境保護、倫理的配慮の両立を目指す姿勢を反映しています。,119,0,0.7656583290249802,3.0,1.0
1,1_2,AI技術の倫理と社会的影響に対する懸念,このクラスタは、AI技術の進展に伴う倫理的な運用や社会的影響に対する懸念を集約しています。具体的には、AIの自動化によるリスク、人間の仕事の置き換え、技術の過剰評価、そして公平性やバイアスに関する問題が含まれています。市民は、AI技術の開発と運用において、より透明性と公平性のあるアプローチを求めており、国際的な規制の枠組みの確立と、技術の進歩に伴う社会的課題への慎重な対応を強く訴えています。,40,0,1.4869638651061483,1.0,0.3333333333333333
2,2_5,AI技術の倫理と規制に関する多様な視点,このクラスタは、AI技術の開発と運用における倫理的管理と規制に関する多様な意見を集約しています。具体的には、AIシステムの透明性と責任の確立、デジタルインフラの整備、AIスキルの訓練、データ使用に対する補償、著作権改革、そしてAI技術に対する包括的なリスク評価が含まれています。また、規制がイノベーションを妨げないことを望む意見や、個人のプライバシーを犠牲にしてでも規制を強化するべきだという意見も存在します。これらの意見は、AI技術の発展と社会的影響のバランスをどのように取るべきかについての議論を反映しており、グローバルな基準とローカライズされた規制の必要性を強調しています。,44,1_3,1.2280728983194444,4.0,0.6666666666666666
2,2_1,AI技術の持続可能な発展と倫理的配慮,このクラスタは、AI技術の利用と開発において環境保護、持続可能なエネルギー運用、そして倫理的な設計と社会的影響への配慮を重視する意見を集約しています。市民は、AIが炭素排出量削減や自然災害の予測モデルの作成に貢献し、持続可能で公平な未来を築くための具体的な行動を促すことを望んでいます。また、AI技術が中小企業にもアクセス可能であり、技術革新が広く社会に普及することを期待しています。これらの意見は、技術革新と環境保護、倫理的配慮の両立を目指す姿勢を反映しています。,68,1_1,1.0231813922571777,6.0,1.0
2,2_4,AI技術の倫理と社会的影響に対する懸念,このクラスタは、AI技術の進展に伴う倫理的な運用や社会的影響に対する懸念を集約しています。具体的には、AIの自動化によるリスク、人間の仕事の置き換え、技術の過剰評価、そして公平性やバイアスに関する問題が含まれています。市民は、AI技術の開発と運用において、より透明性と公平性のあるアプローチを求めており、国際的な規制の枠組みの確立と、技術の進歩に伴う社会的課題への慎重な対応を強く訴えています。,40,1_2,1.4869638651061483,3.0,0.5
2,2_3,AI技術の社会的公平性と環境への影響,このクラスタは、AI技術が社会課題の解決に役立つことへの期待と、技術の進歩が社会全体に公平に利益をもたらすことへの懸念を集約しています。特に、AIが気候変動の緩和や貧困層の支援に貢献することが期待される一方で、エネルギー消費や環境への影響に対する不安も強調されています。技術革新が持続可能な未来を築くための具体的な取り組みが求められています。,25,1_1,1.6129939066778176,2.0,0.3333333333333333
2,2_2,AIと自然保護における倫理的配慮と生物多様性の保全,このクラスタは、AI技術が生物多様性の保全に貢献することへの期待と、開発において自然環境や生物の視点を考慮する必要性を訴える意見を集約しています。具体的には、AIが衛星画像解析を通じて生物多様性の減少を追跡し、保全活動を支援することや、絶滅危惧種を保護するために活用されるべきだという要望が含まれています。また、AIが先住民の権利と文化を尊重し、自然のさまざまな要素間の関係を理解し尊重する形で作成・使用されるべきだという倫理的な配慮も強調されています。,26,1_1,2.2051401981973013,1.0,0.16666666666666666
2,2_6,グローバルガバナンスと技術管理の強化,このクラスタは、民主主義の改革と市民社会の支援に対する要望、そしてAI技術の開発と使用に対するグローバルな管理・規制機関の設立を求める意見を集約しています。市民は、民主主義の制度を改善し、地域の市民社会組織が持続可能な活動を行うための安定した資金の確保を求めています。また、AI技術の安全性や倫理性を確保し、国際的な協力を強化することを目指しています。これにより、民主主義の害を最小化し、AIの進化とその管理がより効果的に行われ、社会に対するリスクを最小限に抑えることが期待されています。,30,1_3,1.2262189731688466,5.0,0.8333333333333334
3,3_9,AI技術の倫理的管理と公平なデジタルインフラの確立,このクラスタは、AI技術の開発と運用における倫理的な管理と社会的公平性を求める意見を集約しています。具体的には、AIシステムの透明性と責任の確立、デジタルインフラの整備、AIスキルの訓練、データ使用に対する補償、そしてAIの訓練に関する著作権改革などが含まれています。これらの意見は、AI技術が社会に与える影響を公平かつ倫理的に管理し、グローバルな視点での規制やガイドラインの整備を求めるものです。,28,2_5,1.8179183665623637,11.0,0.9166666666666666
3,3_3,AI技術と環境保護の統合的アプローチ,このクラスタは、AI技術の利用と開発において環境保護を重視する意見を集約しています。具体的には、AIの炭素排出量削減、持続可能な設計・展開、そしてAIガバナンスに環境代表者を含めるべきだという要望が含まれています。これらの意見は、技術革新と環境保護の両立を目指し、持続可能な未来を築くための具体的な行動を促すものです。,17,2_1,2.1837732974668906,6.0,0.5
3,3_1,AI技術の普及と倫理的設計への期待,このクラスタは、AI技術が広く社会に普及し、中小企業や一般市民にもアクセス可能であるべきだという要望と、AIの設計と開発において倫理的な側面を重視する意見を集約しています。市民は、AIが企業の利益だけでなく、私たちの生活を向上させるために働くことを望んでおり、AI技術が人間の知能や創造性を補完し、持続可能で公平な未来を目指す姿勢を反映しています。,16,2_1,2.269019352827357,4.0,0.3333333333333333
3,3_8,AI技術の倫理的運用と国際的規制の課題,このクラスタは、AI技術の倫理的な運用に関する懸念と、国際的な規制の必要性を強調する意見を集約しています。具体的には、AIの自動化によるリスク、人間の監視の重要性、そしてグローバルな規制の困難さに対する不安が含まれています。これらの意見は、AI技術の進展に伴う倫理的な課題に対する慎重な対応と、透明性のある運用を求める声を反映しており、国際的な協力と規制の枠組みの確立を求めています。,21,2_4,1.8689463872625465,10.0,0.8333333333333334
3,3_6,AI技術の社会的公平性と環境への影響,このクラスタは、AI技術が社会課題の解決に役立つことへの期待と、技術の進歩が社会全体に公平に利益をもたらすことへの懸念を集約しています。特に、AIが気候変動の緩和や貧困層の支援に貢献することが期待される一方で、エネルギー消費や環境への影響に対する不安も強調されています。技術革新が持続可能な未来を築くための具体的な取り組みが求められています。,25,2_3,1.6129939066778176,12.0,1.0
3,3_4,AI技術による環境保護と持続可能なエネルギー運用,このクラスタは、AI技術が環境保護に貢献することへの期待と、AIシステムのエネルギー効率や持続可能性に対する要望を集約しています。市民は、AIが河川や海洋の汚染を減少させる創造的な解決策を提供し、クリーンで緑豊かな未来を目指すための協力を促進することを望んでいます。また、AIシステムの運用においてクリーンで再生可能なエネルギーの利用を求め、増加するエネルギー需要に対する計画の必要性を強調しています。これらの意見は、環境への配慮と持続可能な技術運用を目指す姿勢を反映しています。,25,2_1,2.068411294945752,7.0,0.5833333333333334
3,3_2,AI技術の倫理的・社会的影響への配慮,このクラスタには、AI技術の導入に際して自然環境や人間の尊厳を尊重すること、そしてAIリーダーが複数の倫理的視点を理解することの重要性を訴える意見が集まっています。また、AI技術の環境への影響だけでなく、社会的および倫理的な影響も評価してほしいという要望が含まれており、技術の進歩とともに倫理的な配慮を欠かさない姿勢が求められています。,10,2_1,3.164699579900005,1.0,0.08333333333333333
3,3_10,AI規制に対する多様な意見と要望,このクラスタには、AI規制に関する多様な意見が集まっています。一部の意見は、規制が新しいアイデアやイノベーションを妨げないことを望んでおり、柔軟で証拠に基づく規制枠組みを求めています。一方で、個人のプライバシーを犠牲にしてでも規制を強化するべきだという意見も存在します。これらの意見は、AI技術の発展と社会的影響のバランスをどのように取るべきかについての議論を反映しています。,16,2_5,1.997940326530898,8.0,0.6666666666666666
3,3_5,AIと自然保護における倫理的配慮と生物多様性の保全,このクラスタは、AI技術が生物多様性の保全に貢献することへの期待と、開発において自然環境や生物の視点を考慮する必要性を訴える意見を集約しています。具体的には、AIが衛星画像解析を通じて生物多様性の減少を追跡し、保全活動を支援することや、絶滅危惧種を保護するために活用されるべきだという要望が含まれています。また、AIが先住民の権利と文化を尊重し、自然のさまざまな要素間の関係を理解し尊重する形で作成・使用されるべきだという倫理的な配慮も強調されています。,26,2_2,2.2051401981973013,5.0,0.4166666666666667
3,3_7,AI技術の社会的影響と倫理的課題,このクラスタは、AI技術の進展に伴う社会的影響や倫理的問題に対する懸念を集約しています。具体的には、AIが人間の仕事を置き換える可能性や、技術の過剰評価に対する疑念、そしてAI技術に関連する公平性の問題やバイアスに対する不満が含まれています。市民は、AI技術の開発と運用において、より公平で透明性のあるアプローチが求められていることを強く訴えており、技術の進歩に伴う社会的課題に対する深い関心が表れています。,19,2_4,2.682839511802377,3.0,0.25
3,3_12,グローバル民主主義と市民社会の強化,このクラスタは、民主主義の改革と市民社会の支援に対する要望、そして国際的な協力体制の強化を求める意見を集約しています。市民は、民主主義の制度を改善し、地域の市民社会組織が持続可能な活動を行うための安定した資金の確保を求めています。また、国際社会の連携強化や統一的なリーダーシップの必要性を強調し、グローバルな福祉国家の創設を通じて文明の移行期における課題を軽減することを期待しています。,19,2_6,1.9168245408242546,9.0,0.75
3,3_11,AI技術のグローバル管理と効率的統合への期待,このクラスタは、AI技術の開発と使用に対するグローバルな管理・規制機関の設立、およびAI制御能力の効率化と統合を求める意見を集約しています。具体的には、GAIRAやGAICAといった新しい組織の設立を通じて、AI技術の安全性や倫理性を確保し、国際的な協力を強化することを目指しています。また、最先端のAI開発を一つの企業に統合することで、効率的な管理と制御が可能になるという期待が示されています。これにより、AIの進化とその管理がより効果的に行われ、社会に対するリスクを最小限に抑えることが期待されています。,11,2_6,2.8961149454967656,2.0,0.16666666666666666
4,4_1,AIの倫理的開発と国際的な基準への期待,このクラスタには、AI技術の開発と適用において人権法や価値観に基づいた倫理的なアプローチを求める意見が集まっています。また、AIに関する国際的な基準の確立や、AI安全サミットを通じた議論の場の提供を望む声も含まれています。これらの意見は、AI技術が社会に与える影響を考慮し、グローバルな視点での規制やガイドラインの整備を求めるものです。,9,3_9,3.123914243103052,18.0,0.75
4,4_20,AIと環境保護への責任,このクラスタには、AI技術の利用において環境への配慮を求める意見が集まっています。具体的には、AIの炭素排出量削減、環境保護のための責任ある使用、そしてAIガバナンスに環境代表者を含めるべきだという要望が含まれています。これらの意見は、AI技術が環境に与える影響を認識し、持続可能な未来を目指すための具体的な行動を促すものです。,10,3_3,3.4212991718729846,13.0,0.5416666666666666
4,4_17,AI技術の普及と市民への利益への期待,このクラスタには、AI技術が中小企業や一般市民にも広くアクセス可能であるべきだという要望が集まっています。市民は、AIが企業の利益だけでなく、私たちの生活を向上させるために働くことを望んでいます。また、AI企業を支援する際には、普通の人々に具体的な利益をもたらすことが条件であるという意見も含まれています。これらの意見は、AI技術の普及とその恩恵が広く社会に行き渡ることへの期待を表しています。,8,3_1,3.8121658123108566,8.0,0.3333333333333333
4,4_9,AIの倫理的運用と人間の監視の重要性,このクラスタには、AIの運用に関する倫理的な懸念と、人間の監視や制御の重要性を強調する意見が集まっています。具体的には、AIが環境決定を自動化する際のリスク、AIシステムに人間が積極的に参加する必要性、そして企業がAIを人々の利益に反する形で利用することへの反対が含まれています。これらの意見は、AI技術の発展に伴う倫理的な課題に対する慎重な対応と、透明性のある運用を求める声を反映しています。,12,3_8,2.1919901723881554,23.0,0.9583333333333334
4,4_3,AIの設計と開発に対する倫理的要望,このクラスタには、AI技術の設計と開発において倫理的な側面を重視する要望が集まっています。具体的には、AIが人間の知能や創造性を補完する役割を果たし、置き換えることなく共存すること、効率や利益だけでなく正義、エンパワーメント、環境保護を促進すること、そしてイノベーションを推進することが求められています。これらの要望は、AI技術が社会に与える影響を考慮し、持続可能で公平な未来を目指す姿勢を反映しています。,8,3_1,3.3034861924614276,14.0,0.5833333333333334
4,4_13,技術革新による社会課題解決への期待,このクラスタには、AI技術やGMOsなどの先端技術が気候変動や食糧不足といった重大な社会課題の解決に役立つことを期待する意見が集まっています。また、地方自治体の管理を技術企業に委ねることで効率化を図るべきだという意見も含まれており、技術革新が社会の構造や環境に与える影響を前向きに捉え、積極的に活用する姿勢が見られます。,11,3_6,2.76866813045191,21.0,0.875
4,4_12,AIによる環境保護と持続可能な未来への期待,このクラスタには、AI技術が環境保護に貢献することへの期待が集まっています。具体的には、河川や海洋の汚染を減少させる創造的な解決策の考案、清潔で緑豊かな未来を目指すための人々の協力促進、そしてクリーンな空気と騒音の少ない都市の創造を支援することが挙げられます。市民は、AIが環境問題の解決に向けた革新的なアプローチを提供し、持続可能な未来の実現に寄与することを強く望んでいます。,13,3_4,3.180060272233157,15.0,0.625
4,4_11,AI技術の倫理的・社会的影響への配慮,このクラスタには、AI技術の導入に際して自然環境や人間の尊厳を尊重すること、そしてAIリーダーが複数の倫理的視点を理解することの重要性を訴える意見が集まっています。また、AI技術の環境への影響だけでなく、社会的および倫理的な影響も評価してほしいという要望が含まれており、技術の進歩とともに倫理的な配慮を欠かさない姿勢が求められています。,10,3_2,3.164699579900005,16.0,0.6666666666666666
4,4_8,AI技術の環境への配慮と持続可能性への要望,このクラスタには、AI技術の開発と導入に際して環境への影響を減らすことに焦点を当てるべきだという意見が集まっています。具体的には、AI技術のライフサイクル全体で環境影響を評価し、潜在的な悪影響を理解し、軽減する必要があるという要望や、AIシステムが持続可能性を考慮して設計・展開されるべきだという意見が含まれています。これらの意見は、技術革新と環境保護の両立を目指す姿勢を示しています。,7,3_3,3.6207920936432765,9.0,0.375
4,4_23,AIとデジタルインフラに関する公平性と倫理的要望,このクラスタには、AI技術の進展に伴う社会的公平性や倫理的な問題に対する意見が集まっています。具体的には、デジタルインフラの整備とAIスキルの訓練を通じて不平等を防ぐ必要性、AIの意思決定における人間の関与の重要性、そしてAIシステムでのデータ使用に対する補償を求める要望が含まれています。これらの意見は、技術の進化がもたらす影響を公平かつ倫理的に管理するための具体的な対策を求めるものです。,12,3_9,3.1138395694918843,19.0,0.7916666666666666
4,4_4,AI規制に対する多様な意見と要望,このクラスタには、AI規制に関する多様な意見が集まっています。一部の意見は、規制が新しいアイデアやイノベーションを妨げないことを望んでおり、柔軟で証拠に基づく規制枠組みを求めています。一方で、個人のプライバシーを犠牲にしてでも規制を強化するべきだという意見も存在します。これらの意見は、AI技術の発展と社会的影響のバランスをどのように取るべきかについての議論を反映しています。,16,3_10,1.997940326530898,24.0,1.0
4,4_18,AIシステムの透明性と責任の確立への要望,このクラスタには、AIシステムに対する公共の信頼を築くために、アルゴリズムの透明性や使用する方法論とデータセットの公開を求める意見が集まっています。また、AIに関する決定を行う政府や企業がその責任を取るべきだという要望も含まれており、AI技術の開発と運用における倫理的な責任と透明性の確立を強く求める声が表れています。,7,3_9,4.25163231967466,5.0,0.20833333333333334
4,4_5,AIの社会的公平性と環境リスク管理への期待,このクラスタには、AI技術の発展に伴う社会的公平性の確保と環境リスク管理に対する期待が集まっています。特に、AIが貧困層を忘れずに支援し、富裕層だけが利益を享受することのないようにすることが重要だという意見が強調されています。また、AIが環境問題に対してリスクを監視し、軽減する役割を果たすことへの期待も含まれており、技術の進歩が社会全体に公平に利益をもたらし、持続可能な未来を築くための具体的な取り組みが求められています。,7,3_6,3.0221195148395896,20.0,0.8333333333333334
4,4_14,AIの環境影響に対する懸念と改善要望,このクラスタには、AI技術のエネルギー使用量や環境への影響に対する不安や不満が集まっています。ユーザーは、AIが環境悪化に寄与していないことを確認する必要性を感じており、自然環境への影響が十分に考慮されていないことに対して懸念を抱いています。これらの意見は、AI技術の持続可能性や環境保護に対する改善を求める声を反映しています。,7,3_6,4.6291344934575,3.0,0.125
4,4_21,AIシステムのエネルギー効率と持続可能性への要望,このクラスタには、AIシステムの運用に関するエネルギー効率や持続可能性に対する要望が集まっています。具体的には、クリーンで再生可能なエネルギーの利用、増加するエネルギー需要に対する計画の必要性、そしてAIの設計においてエネルギー効率を重視することが求められています。これらの意見は、環境への配慮と持続可能な技術運用を目指す姿勢を反映しています。,12,3_4,3.4480535056917585,11.0,0.4583333333333333
4,4_0,AIによる生物多様性保全と倫理的配慮への期待,このクラスタには、AI技術が人間だけでなく、植物や動物を含むすべての存在の価値を理解し、保全活動を支援する役割を果たすことへの期待が集まっています。具体的には、衛星画像解析を通じて生物多様性の減少を追跡し、保全活動を支援することや、AIが生態系の権利を尊重するべきだという倫理的な要望が含まれています。これらの意見は、AIが環境保護と持続可能な未来の構築に貢献することを強く求めています。,16,3_5,3.150752419768204,17.0,0.7083333333333334
4,4_2,AI技術の評価と社会的影響への懸念,このクラスタには、AI技術の未来に対する不安や過剰評価に対する疑念、そして企業や国がAI競争に集中する一方で社会的影響を十分に考慮していないことへの不満が集まっています。また、AIが人間の仕事を置き換える可能性についての懸念も含まれており、技術の進歩に伴う社会的課題や倫理的問題に対する深い関心が表れています。,13,3_7,3.896327472388058,7.0,0.2916666666666667
4,4_22,AI技術における公平性とバイアスへの懸念,このクラスタには、AI技術に関連する公平性の問題やバイアスに対する不満が集まっています。具体的には、顔認識技術における人種的偏見、公的に利用可能なデータの使用に関する不公平感、そしてAIがバイアスの原因とされることへの不満が含まれています。これらの意見は、AI技術の開発と運用において、より公平で透明性のあるアプローチが求められていることを示しています。,6,3_7,4.757984687986626,2.0,0.08333333333333333
4,4_6,民主主義の改革と市民社会の支援への要望,このクラスタには、民主主義の利益を最大化するための議論や包括的な改革の必要性、そして地域の市民社会組織が安定した資金を求める要望が集まっています。市民は、民主主義の制度を改善し、より効果的で迅速な改革を行うことで、社会全体の利益を高めることを期待しています。また、市民社会組織が持続可能な活動を行うためには、長期的で予測可能な資金の確保が重要であると認識されています。,10,3_12,2.7439262968012113,22.0,0.9166666666666666
4,4_16,AI開発における自然保護と倫理的配慮,このクラスタには、AI開発において自然環境や生物の視点を考慮する必要性を訴える意見が集まっています。自然の価値を無視する慣行に対する懸念や、絶滅危惧種を保護するためにAIを活用する重要性が強調されています。これらの意見は、技術の進歩が環境保護と倫理的配慮を両立させるべきだという考えを反映しています。,10,3_5,3.476728416869559,10.0,0.4166666666666667
4,4_15,グローバルなAI規制の困難と必要性,このクラスタには、AI規制に関するグローバルな合意の難しさや、競争が優先される現状に対する不安が集まっています。また、AIが政府の運営に与える影響についての議論の必要性も含まれており、国際的な協力と規制の枠組みを求める声が強く表れています。これらの意見は、AI技術の進展に伴うリスク管理と倫理的な運用を確保するための国際的な取り組みの重要性を示しています。,9,3_8,3.432705717210543,12.0,0.5
4,4_7,グローバルな協力体制と世界政府の設立要望,このクラスタには、国際的な協力体制の強化や、G7が主導する事実上の世界政府の設立を求める意見が集まっています。中国など他国を招待してグローバルな協力体制を築くことや、G7による世界政府の設立を通じて、国際的な問題解決や平和維持を目指す要望が含まれています。これらの意見は、国際社会の連携強化と統一的なリーダーシップの必要性を強調しています。,9,3_12,4.198281172909044,6.0,0.25
4,4_19,グローバルAI管理・規制機関設立の要望,このクラスタには、AI開発プロセスや使用を管理・規制するためのグローバルな機関の設立を求める意見が集まっています。具体的には、GAICAやGAIRAといった新しい組織の設立を通じて、AI技術の安全性や倫理性を確保し、国際的な協力を強化することを目指しています。これにより、AIの開発と利用が適切に管理され、社会に対するリスクを最小限に抑えることが期待されています。,7,3_11,4.602554600819476,4.0,0.16666666666666666
4,4_10,AI制御能力の効率化と統合への要望,このクラスタには、AI制御能力の効率化を目指して、スーパーインテリジェンスプログラムを管理するOne-AI JV会社の設立を求める意見が集まっています。最先端のAI開発を一つの企業に統合することで、効率的な管理と制御が可能になるという期待が示されています。これにより、AI技術の進化とその管理がより効果的に行われることを目指しています。,4,3_11,17.18639914375618,1.0,0.041666666666666664
